--
-- PostgreSQL database dump
--

-- Dumped from database version 12.2 (Ubuntu 12.2-4)
-- Dumped by pg_dump version 12.3

-- Started on 2020-10-04 22:05:26

SET statement_timeout = 0;
SET lock_timeout = 0;
SET idle_in_transaction_session_timeout = 0;
SET client_encoding = 'UTF8';
SET standard_conforming_strings = on;
SELECT pg_catalog.set_config('search_path', '', false);
SET check_function_bodies = false;
SET xmloption = content;
SET client_min_messages = warning;
SET row_security = off;

DROP DATABASE proyecto;
--
-- TOC entry 3094 (class 1262 OID 81920)
-- Name: proyecto; Type: DATABASE; Schema: -; Owner: postgres
--

CREATE DATABASE proyecto WITH TEMPLATE = template0 ENCODING = 'UTF8' LC_COLLATE = 'es_UY.UTF-8' LC_CTYPE = 'es_UY.UTF-8';


ALTER DATABASE proyecto OWNER TO postgres;

\connect proyecto

SET statement_timeout = 0;
SET lock_timeout = 0;
SET idle_in_transaction_session_timeout = 0;
SET client_encoding = 'UTF8';
SET standard_conforming_strings = on;
SELECT pg_catalog.set_config('search_path', '', false);
SET check_function_bodies = false;
SET xmloption = content;
SET client_min_messages = warning;
SET row_security = off;

--
-- TOC entry 641 (class 1247 OID 81952)
-- Name: estado; Type: TYPE; Schema: public; Owner: postgres
--

CREATE TYPE public.estado AS ENUM (
    'aprobado',
    'rechazado',
    'pendiente'
);


ALTER TYPE public.estado OWNER TO postgres;

--
-- TOC entry 634 (class 1247 OID 81930)
-- Name: sexo; Type: TYPE; Schema: public; Owner: postgres
--

CREATE TYPE public.sexo AS ENUM (
    'M',
    'F'
);


ALTER TYPE public.sexo OWNER TO postgres;

SET default_tablespace = '';

SET default_table_access_method = heap;

--
-- TOC entry 202 (class 1259 OID 81921)
-- Name: auditoria; Type: TABLE; Schema: public; Owner: postgres
--

CREATE TABLE public.auditoria (
    id_evento numeric NOT NULL,
    fecha date NOT NULL,
    accion character varying(100) NOT NULL,
    valor_previo character varying(50),
    valor_nuevo character varying(50),
    id_usuario character varying(20) NOT NULL,
    id_menu numeric NOT NULL
);


ALTER TABLE public.auditoria OWNER TO postgres;

--
-- TOC entry 210 (class 1259 OID 82092)
-- Name: menu; Type: TABLE; Schema: public; Owner: postgres
--

CREATE TABLE public.menu (
    id_menu numeric NOT NULL,
    descripcion character varying(20) NOT NULL
);


ALTER TABLE public.menu OWNER TO postgres;

--
-- TOC entry 208 (class 1259 OID 82066)
-- Name: permiso; Type: TABLE; Schema: public; Owner: postgres
--

CREATE TABLE public.permiso (
    id_permiso numeric NOT NULL,
    descripcion character varying(20) NOT NULL
);


ALTER TABLE public.permiso OWNER TO postgres;

--
-- TOC entry 203 (class 1259 OID 81935)
-- Name: persona; Type: TABLE; Schema: public; Owner: postgres
--

CREATE TABLE public.persona (
    ci numeric NOT NULL,
    nombre character varying(20) NOT NULL,
    apellido character varying(20) NOT NULL,
    fecha_nac date NOT NULL,
    correo character varying(50) NOT NULL,
    sexo public.sexo NOT NULL
);


ALTER TABLE public.persona OWNER TO postgres;

--
-- TOC entry 206 (class 1259 OID 81975)
-- Name: rol; Type: TABLE; Schema: public; Owner: postgres
--

CREATE TABLE public.rol (
    id_rol numeric NOT NULL,
    descripcion character varying(20) NOT NULL
);


ALTER TABLE public.rol OWNER TO postgres;

--
-- TOC entry 211 (class 1259 OID 82100)
-- Name: rol_menu; Type: TABLE; Schema: public; Owner: postgres
--

CREATE TABLE public.rol_menu (
    id_rol numeric NOT NULL,
    id_menu numeric NOT NULL
);


ALTER TABLE public.rol_menu OWNER TO postgres;

--
-- TOC entry 209 (class 1259 OID 82074)
-- Name: rol_permiso; Type: TABLE; Schema: public; Owner: postgres
--

CREATE TABLE public.rol_permiso (
    id_rol numeric NOT NULL,
    id_permiso numeric NOT NULL
);


ALTER TABLE public.rol_permiso OWNER TO postgres;

--
-- TOC entry 204 (class 1259 OID 81959)
-- Name: solicitud; Type: TABLE; Schema: public; Owner: postgres
--

CREATE TABLE public.solicitud (
    id_solicitud numeric NOT NULL,
    aprobado public.estado NOT NULL,
    id_usuario_autorizante character varying(20),
    id_usuario_solicitante character varying(20) NOT NULL,
    fecha_soliciud date NOT NULL,
    fecha_autorizacion date,
    descripcion character varying(50) NOT NULL
);


ALTER TABLE public.solicitud OWNER TO postgres;

--
-- TOC entry 205 (class 1259 OID 81967)
-- Name: usuario; Type: TABLE; Schema: public; Owner: postgres
--

CREATE TABLE public.usuario (
    id_usuario character varying(20) NOT NULL,
    contrasena character varying(50) NOT NULL,
    fecha_creacion date NOT NULL,
    id_persona numeric NOT NULL
);


ALTER TABLE public.usuario OWNER TO postgres;

--
-- TOC entry 207 (class 1259 OID 82048)
-- Name: usuario_rol; Type: TABLE; Schema: public; Owner: postgres
--

CREATE TABLE public.usuario_rol (
    id_usuario character varying NOT NULL,
    id_rol numeric NOT NULL
);


ALTER TABLE public.usuario_rol OWNER TO postgres;

--
-- TOC entry 3079 (class 0 OID 81921)
-- Dependencies: 202
-- Data for Name: auditoria; Type: TABLE DATA; Schema: public; Owner: postgres
--

INSERT INTO public.auditoria (id_evento, fecha, accion, valor_previo, valor_nuevo, id_usuario, id_menu) VALUES (1, '2020-10-04', 'insert', NULL, NULL, 'apicos', 1);


--
-- TOC entry 3087 (class 0 OID 82092)
-- Dependencies: 210
-- Data for Name: menu; Type: TABLE DATA; Schema: public; Owner: postgres
--

INSERT INTO public.menu (id_menu, descripcion) VALUES (1, 'menu_principal');


--
-- TOC entry 3085 (class 0 OID 82066)
-- Dependencies: 208
-- Data for Name: permiso; Type: TABLE DATA; Schema: public; Owner: postgres
--

INSERT INTO public.permiso (id_permiso, descripcion) VALUES (1, 'administrador');
INSERT INTO public.permiso (id_permiso, descripcion) VALUES (2, 'usuario');


--
-- TOC entry 3080 (class 0 OID 81935)
-- Dependencies: 203
-- Data for Name: persona; Type: TABLE DATA; Schema: public; Owner: postgres
--

INSERT INTO public.persona (ci, nombre, apellido, fecha_nac, correo, sexo) VALUES (52304220, 'micaela', 'olivera', '1994-03-04', 'micaela.s.olivera@gmail.com', 'F');
INSERT INTO public.persona (ci, nombre, apellido, fecha_nac, correo, sexo) VALUES (50424038, 'agustin', 'picos', '1994-07-19', 'apicos@gmail.com', 'M');
INSERT INTO public.persona (ci, nombre, apellido, fecha_nac, correo, sexo) VALUES (50340038, 'franco', 'gai', '1994-08-14', 'fgai@gmail.com', 'M');


--
-- TOC entry 3083 (class 0 OID 81975)
-- Dependencies: 206
-- Data for Name: rol; Type: TABLE DATA; Schema: public; Owner: postgres
--

INSERT INTO public.rol (id_rol, descripcion) VALUES (1, 'usuario');
INSERT INTO public.rol (id_rol, descripcion) VALUES (2, 'administrador');


--
-- TOC entry 3088 (class 0 OID 82100)
-- Dependencies: 211
-- Data for Name: rol_menu; Type: TABLE DATA; Schema: public; Owner: postgres
--

INSERT INTO public.rol_menu (id_rol, id_menu) VALUES (2, 1);
INSERT INTO public.rol_menu (id_rol, id_menu) VALUES (1, 1);


--
-- TOC entry 3086 (class 0 OID 82074)
-- Dependencies: 209
-- Data for Name: rol_permiso; Type: TABLE DATA; Schema: public; Owner: postgres
--

INSERT INTO public.rol_permiso (id_rol, id_permiso) VALUES (1, 2);
INSERT INTO public.rol_permiso (id_rol, id_permiso) VALUES (2, 1);


--
-- TOC entry 3081 (class 0 OID 81959)
-- Dependencies: 204
-- Data for Name: solicitud; Type: TABLE DATA; Schema: public; Owner: postgres
--

INSERT INTO public.solicitud (id_solicitud, aprobado, id_usuario_autorizante, id_usuario_solicitante, fecha_soliciud, fecha_autorizacion, descripcion) VALUES (1, 'pendiente', 'apicos', 'fgai', '2020-10-04', NULL, 'create');


--
-- TOC entry 3082 (class 0 OID 81967)
-- Dependencies: 205
-- Data for Name: usuario; Type: TABLE DATA; Schema: public; Owner: postgres
--

INSERT INTO public.usuario (id_usuario, contrasena, fecha_creacion, id_persona) VALUES ('fgai', 'h0l4fr4nc0', '2020-10-04', 50340038);
INSERT INTO public.usuario (id_usuario, contrasena, fecha_creacion, id_persona) VALUES ('apicos', 'h0l44gu5', '2020-10-04', 50424038);
INSERT INTO public.usuario (id_usuario, contrasena, fecha_creacion, id_persona) VALUES ('molivera', 'h0l4m3k1', '2020-10-04', 52304220);


--
-- TOC entry 3084 (class 0 OID 82048)
-- Dependencies: 207
-- Data for Name: usuario_rol; Type: TABLE DATA; Schema: public; Owner: postgres
--

INSERT INTO public.usuario_rol (id_usuario, id_rol) VALUES ('fgai', 1);
INSERT INTO public.usuario_rol (id_usuario, id_rol) VALUES ('apicos', 2);
INSERT INTO public.usuario_rol (id_usuario, id_rol) VALUES ('molivera', 1);


--
-- TOC entry 2923 (class 2606 OID 81928)
-- Name: auditoria auditoria_pkey; Type: CONSTRAINT; Schema: public; Owner: postgres
--

ALTER TABLE ONLY public.auditoria
    ADD CONSTRAINT auditoria_pkey PRIMARY KEY (id_evento);


--
-- TOC entry 2939 (class 2606 OID 82099)
-- Name: menu menu_pkey; Type: CONSTRAINT; Schema: public; Owner: postgres
--

ALTER TABLE ONLY public.menu
    ADD CONSTRAINT menu_pkey PRIMARY KEY (id_menu);


--
-- TOC entry 2935 (class 2606 OID 82073)
-- Name: permiso permiso_pkey; Type: CONSTRAINT; Schema: public; Owner: postgres
--

ALTER TABLE ONLY public.permiso
    ADD CONSTRAINT permiso_pkey PRIMARY KEY (id_permiso);


--
-- TOC entry 2925 (class 2606 OID 81942)
-- Name: persona persona_pkey; Type: CONSTRAINT; Schema: public; Owner: postgres
--

ALTER TABLE ONLY public.persona
    ADD CONSTRAINT persona_pkey PRIMARY KEY (ci);


--
-- TOC entry 2941 (class 2606 OID 82107)
-- Name: rol_menu rol_menu_pkey; Type: CONSTRAINT; Schema: public; Owner: postgres
--

ALTER TABLE ONLY public.rol_menu
    ADD CONSTRAINT rol_menu_pkey PRIMARY KEY (id_rol, id_menu);


--
-- TOC entry 2937 (class 2606 OID 82081)
-- Name: rol_permiso rol_permiso_pkey; Type: CONSTRAINT; Schema: public; Owner: postgres
--

ALTER TABLE ONLY public.rol_permiso
    ADD CONSTRAINT rol_permiso_pkey PRIMARY KEY (id_rol, id_permiso);


--
-- TOC entry 2931 (class 2606 OID 81982)
-- Name: rol rol_pkey; Type: CONSTRAINT; Schema: public; Owner: postgres
--

ALTER TABLE ONLY public.rol
    ADD CONSTRAINT rol_pkey PRIMARY KEY (id_rol);


--
-- TOC entry 2927 (class 2606 OID 81966)
-- Name: solicitud solicitud_pkey; Type: CONSTRAINT; Schema: public; Owner: postgres
--

ALTER TABLE ONLY public.solicitud
    ADD CONSTRAINT solicitud_pkey PRIMARY KEY (id_solicitud);


--
-- TOC entry 2929 (class 2606 OID 81974)
-- Name: usuario usuario_pkey; Type: CONSTRAINT; Schema: public; Owner: postgres
--

ALTER TABLE ONLY public.usuario
    ADD CONSTRAINT usuario_pkey PRIMARY KEY (id_usuario);


--
-- TOC entry 2933 (class 2606 OID 82055)
-- Name: usuario_rol usuario_rol_pkey; Type: CONSTRAINT; Schema: public; Owner: postgres
--

ALTER TABLE ONLY public.usuario_rol
    ADD CONSTRAINT usuario_rol_pkey PRIMARY KEY (id_usuario, id_rol);


--
-- TOC entry 2952 (class 2606 OID 82113)
-- Name: rol_menu id_menu; Type: FK CONSTRAINT; Schema: public; Owner: postgres
--

ALTER TABLE ONLY public.rol_menu
    ADD CONSTRAINT id_menu FOREIGN KEY (id_menu) REFERENCES public.menu(id_menu);


--
-- TOC entry 2943 (class 2606 OID 82138)
-- Name: auditoria id_menu; Type: FK CONSTRAINT; Schema: public; Owner: postgres
--

ALTER TABLE ONLY public.auditoria
    ADD CONSTRAINT id_menu FOREIGN KEY (id_menu) REFERENCES public.menu(id_menu) NOT VALID;


--
-- TOC entry 2950 (class 2606 OID 82087)
-- Name: rol_permiso id_permiso; Type: FK CONSTRAINT; Schema: public; Owner: postgres
--

ALTER TABLE ONLY public.rol_permiso
    ADD CONSTRAINT id_permiso FOREIGN KEY (id_permiso) REFERENCES public.permiso(id_permiso);


--
-- TOC entry 2946 (class 2606 OID 82128)
-- Name: usuario id_persona; Type: FK CONSTRAINT; Schema: public; Owner: postgres
--

ALTER TABLE ONLY public.usuario
    ADD CONSTRAINT id_persona FOREIGN KEY (id_persona) REFERENCES public.persona(ci) NOT VALID;


--
-- TOC entry 2948 (class 2606 OID 82061)
-- Name: usuario_rol id_rol; Type: FK CONSTRAINT; Schema: public; Owner: postgres
--

ALTER TABLE ONLY public.usuario_rol
    ADD CONSTRAINT id_rol FOREIGN KEY (id_rol) REFERENCES public.rol(id_rol);


--
-- TOC entry 2949 (class 2606 OID 82082)
-- Name: rol_permiso id_rol; Type: FK CONSTRAINT; Schema: public; Owner: postgres
--

ALTER TABLE ONLY public.rol_permiso
    ADD CONSTRAINT id_rol FOREIGN KEY (id_rol) REFERENCES public.rol(id_rol);


--
-- TOC entry 2951 (class 2606 OID 82108)
-- Name: rol_menu id_rol; Type: FK CONSTRAINT; Schema: public; Owner: postgres
--

ALTER TABLE ONLY public.rol_menu
    ADD CONSTRAINT id_rol FOREIGN KEY (id_rol) REFERENCES public.rol(id_rol);


--
-- TOC entry 2947 (class 2606 OID 82056)
-- Name: usuario_rol id_usuario; Type: FK CONSTRAINT; Schema: public; Owner: postgres
--

ALTER TABLE ONLY public.usuario_rol
    ADD CONSTRAINT id_usuario FOREIGN KEY (id_usuario) REFERENCES public.usuario(id_usuario);


--
-- TOC entry 2942 (class 2606 OID 82133)
-- Name: auditoria id_usuario; Type: FK CONSTRAINT; Schema: public; Owner: postgres
--

ALTER TABLE ONLY public.auditoria
    ADD CONSTRAINT id_usuario FOREIGN KEY (id_usuario) REFERENCES public.usuario(id_usuario) NOT VALID;


--
-- TOC entry 2944 (class 2606 OID 82118)
-- Name: solicitud id_usuario_autorizante; Type: FK CONSTRAINT; Schema: public; Owner: postgres
--

ALTER TABLE ONLY public.solicitud
    ADD CONSTRAINT id_usuario_autorizante FOREIGN KEY (id_usuario_autorizante) REFERENCES public.usuario(id_usuario) NOT VALID;


--
-- TOC entry 2945 (class 2606 OID 82123)
-- Name: solicitud id_usuario_solicitante; Type: FK CONSTRAINT; Schema: public; Owner: postgres
--

ALTER TABLE ONLY public.solicitud
    ADD CONSTRAINT id_usuario_solicitante FOREIGN KEY (id_usuario_solicitante) REFERENCES public.usuario(id_usuario) NOT VALID;


-- Completed on 2020-10-04 22:05:27

--
-- PostgreSQL database dump complete
--

